country,region,month,observations,td_avg_mm,wear_rate_avg,remaining_life_avg_km,cost_per_1000km_avg,risk_share_pct
Czechia,Eastern Europe,2019-01-31,2,5.935,0.8857,49277.4826,2.7076,0.0
Czechia,Eastern Europe,2019-02-28,3,6.4067,0.6841,77158.399,3.0583,0.0
Czechia,Eastern Europe,2019-03-31,5,4.612,0.9078,35902.961,3.0146,20.0
Czechia,Eastern Europe,2019-04-30,3,5.4667,0.9578,44093.31,3.3595,0.0
Czechia,Eastern Europe,2019-05-31,1,6.47,0.9223,52801.1713,3.1123,0.0
Czechia,Eastern Europe,2019-06-30,2,4.535,1.0339,28156.8943,4.2147,0.0
Czechia,Eastern Europe,2019-07-31,1,4.98,0.9265,36482.0819,2.2586,0.0
Czechia,Eastern Europe,2019-08-31,2,3.7,1.0539,20278.2682,3.8459,50.0
Czechia,Eastern Europe,2019-09-30,3,5.5867,0.7487,53494.2345,2.5796,0.0
Czechia,Eastern Europe,2019-10-31,2,5.89,0.9053,47195.7383,4.3024,0.0
Czechia,Eastern Europe,2019-11-30,3,5.35,0.8179,50179.161,3.5397,0.0
Czechia,Eastern Europe,2019-12-31,1,6.55,0.4141,119540.0,2.1917,0.0
Czechia,Eastern Europe,2020-01-31,6,5.8617,1.3547,40902.0607,4.859,0.0
Czechia,Eastern Europe,2020-02-29,4,5.9475,0.881,51660.3399,3.0419,0.0
Czechia,Eastern Europe,2020-03-31,3,5.7333,0.8423,49251.4184,3.1815,0.0
Czechia,Eastern Europe,2020-04-30,2,5.44,1.2452,33878.8671,4.8418,0.0
Czechia,Eastern Europe,2020-05-31,4,6.2475,0.6961,67965.838,2.9453,0.0
Czechia,Eastern Europe,2020-06-30,4,5.0025,0.792,46469.7896,3.7201,25.0
Czechia,Eastern Europe,2020-07-31,1,5.96,0.8205,53138.2466,3.4177,0.0
Czechia,Eastern Europe,2020-08-31,1,5.37,0.9389,40155.024,3.0072,0.0
Czechia,Eastern Europe,2020-09-30,5,5.782,0.865,53591.1305,3.4099,0.0
Czechia,Eastern Europe,2020-12-31,5,5.64,0.9257,46535.0078,3.3334,0.0
Czechia,Eastern Europe,2021-01-31,4,4.6825,0.8562,40376.5506,3.1208,0.0
Czechia,Eastern Europe,2021-02-28,2,4.755,0.6219,57833.0931,2.9663,0.0
Czechia,Eastern Europe,2021-03-31,5,6.616,0.8029,62654.5356,3.2767,0.0
Czechia,Eastern Europe,2021-04-30,4,6.14,0.7556,64283.2471,2.9817,0.0
Czechia,Eastern Europe,2021-05-31,4,4.895,0.8519,39640.5897,3.6233,0.0
Czechia,Eastern Europe,2021-06-30,3,5.94,0.6927,65800.1478,3.025,0.0
Czechia,Eastern Europe,2021-07-31,2,5.86,1.3586,47566.7051,4.0619,0.0
Czechia,Eastern Europe,2021-08-31,4,4.7475,0.8018,44692.111,3.1728,0.0
Czechia,Eastern Europe,2021-09-30,1,6.94,0.516,103492.6452,2.1967,0.0
Czechia,Eastern Europe,2021-10-31,4,5.5775,0.7491,57961.0686,3.6258,0.0
Czechia,Eastern Europe,2021-11-30,2,5.575,0.5325,75460.5918,2.5523,0.0
Czechia,Eastern Europe,2021-12-31,1,7.04,0.9207,59087.9126,4.0809,0.0
Czechia,Eastern Europe,2022-01-31,1,3.99,1.1808,20240.0196,3.6576,0.0
Czechia,Eastern Europe,2022-02-28,2,5.05,0.75,45979.9321,3.3305,0.0
Czechia,Eastern Europe,2022-03-31,4,5.4425,0.8091,48407.6043,3.3791,0.0
Czechia,Eastern Europe,2022-04-30,1,6.18,1.127,40637.8968,5.4603,0.0
Czechia,Eastern Europe,2022-05-31,1,4.21,1.1077,23563.08,3.7028,0.0
Czechia,Eastern Europe,2022-06-30,2,4.565,0.7745,39970.3325,4.104,0.0
Czechia,Eastern Europe,2022-07-31,3,5.92,0.8932,50758.0701,3.9566,0.0
Czechia,Eastern Europe,2022-08-31,6,5.42,0.7836,51628.039,3.4951,0.0
Czechia,Eastern Europe,2022-09-30,5,5.01,0.7996,43408.6266,3.259,0.0
Czechia,Eastern Europe,2022-10-31,1,5.41,1.0603,35932.5333,3.1307,0.0
Czechia,Eastern Europe,2022-11-30,3,5.0,0.6647,56052.4365,3.3445,0.0
Czechia,Eastern Europe,2022-12-31,1,7.02,0.6802,79677.5195,2.1845,0.0
Czechia,Eastern Europe,2023-01-31,3,5.4967,0.8792,43976.2076,2.9578,0.0
Czechia,Eastern Europe,2023-02-28,2,6.105,0.7895,60393.8453,3.9651,0.0
Czechia,Eastern Europe,2023-03-31,7,4.7043,0.8728,44868.3154,3.1283,14.2857
Czechia,Eastern Europe,2023-04-30,2,5.67,0.9118,44826.4827,3.4728,0.0
Czechia,Eastern Europe,2023-05-31,3,5.2267,0.9759,39590.9791,3.6711,0.0
Czechia,Eastern Europe,2023-06-30,1,7.33,0.9543,60044.3684,4.0533,0.0
Czechia,Eastern Europe,2023-07-31,1,7.25,0.913,61887.1181,3.1088,0.0
Czechia,Eastern Europe,2023-09-30,3,4.2733,1.0419,28644.3195,3.7631,33.3333
Czechia,Eastern Europe,2023-10-31,5,5.706,0.7767,64043.7933,2.8535,20.0
Czechia,Eastern Europe,2023-11-30,3,4.01,0.9944,24710.4178,4.5755,0.0
Czechia,Eastern Europe,2023-12-31,2,5.95,1.0065,44769.6723,3.1531,0.0
Czechia,Eastern Europe,2024-01-31,4,6.6875,0.6856,78715.1964,2.8081,0.0
Czechia,Eastern Europe,2024-02-29,2,5.325,0.8929,44421.1906,3.6501,0.0
Czechia,Eastern Europe,2024-03-31,3,5.48,0.9382,42160.4319,3.5496,0.0
Czechia,Eastern Europe,2024-04-30,2,5.08,1.0371,33552.245,4.7883,0.0
Czechia,Eastern Europe,2024-05-31,3,6.4133,0.8785,55736.5499,3.7811,0.0
Czechia,Eastern Europe,2024-06-30,2,4.9,0.8063,42962.4606,2.2586,0.0
Czechia,Eastern Europe,2024-07-31,4,5.835,0.93,48085.07,3.364,0.0
Czechia,Eastern Europe,2024-08-31,4,6.5975,0.8286,60839.7478,3.1169,0.0
Czechia,Eastern Europe,2024-09-30,2,5.21,0.9706,37492.8837,3.9572,0.0
Czechia,Eastern Europe,2024-10-31,2,4.25,0.8753,30433.4239,3.9227,0.0
Czechia,Eastern Europe,2024-11-30,1,6.08,0.909,49284.5714,3.3201,0.0
Czechia,Eastern Europe,2024-12-31,3,6.27,0.704,68395.4551,3.1757,0.0
Czechia,Eastern Europe,2025-01-31,5,5.04,1.0084,33986.1462,3.8185,0.0
Czechia,Eastern Europe,2025-02-28,6,5.6,0.8595,48914.5838,4.0435,0.0
Czechia,Eastern Europe,2025-03-31,5,6.306,0.7489,64118.7965,2.8642,0.0
Czechia,Eastern Europe,2025-04-30,2,5.2,0.8018,44937.857,2.9924,0.0
Czechia,Eastern Europe,2025-05-31,5,5.37,0.917,41813.6411,3.6954,0.0
Czechia,Eastern Europe,2025-06-30,5,6.612,0.8731,59972.8099,3.2622,0.0
Czechia,Eastern Europe,2025-07-31,1,4.89,0.7288,45141.7295,3.2258,0.0
Czechia,Eastern Europe,2025-08-31,6,5.2867,0.8302,48354.645,3.2002,16.6667
Czechia,Eastern Europe,2025-09-30,1,6.75,0.9731,52921.0695,3.5556,0.0
Czechia,Eastern Europe,2025-10-31,3,5.4833,0.7829,51714.163,3.4768,0.0
Czechia,Eastern Europe,2025-11-30,4,5.55,0.8358,53170.4051,2.9814,0.0
Czechia,Eastern Europe,2025-12-31,2,4.65,0.9969,34289.6595,4.2195,0.0
France,Western Europe,2019-01-31,3,6.7933,0.7844,70465.0821,2.6948,0.0
France,Western Europe,2019-02-28,2,5.425,0.7711,50808.5615,3.731,0.0
France,Western Europe,2019-03-31,2,6.7,0.7599,67145.2314,3.0558,0.0
France,Western Europe,2019-04-30,4,5.49,0.8492,50026.2846,3.2271,0.0
France,Western Europe,2019-05-31,2,6.53,0.7394,69535.417,3.3141,0.0
France,Western Europe,2019-06-30,2,4.865,0.8666,37412.8466,4.2345,0.0
France,Western Europe,2019-07-31,4,6.05,0.7088,71753.0817,2.6904,0.0
France,Western Europe,2019-08-31,2,6.755,0.9745,53092.6101,3.2128,0.0
France,Western Europe,2019-09-30,3,6.29,0.8104,60368.2687,3.208,0.0
France,Western Europe,2019-10-31,3,6.15,0.7308,63234.5566,2.9322,0.0
France,Western Europe,2019-11-30,1,7.38,0.4629,124858.1404,1.7776,0.0
France,Western Europe,2019-12-31,4,6.405,0.7837,65874.3147,2.7753,0.0
France,Western Europe,2020-01-31,4,6.68,0.5882,90098.8139,2.5591,0.0
France,Western Europe,2020-02-29,2,5.52,1.0279,37926.5607,3.6238,0.0
France,Western Europe,2020-03-31,3,6.12,0.5965,84597.0267,2.4945,0.0
France,Western Europe,2020-04-30,3,5.6,0.7744,51736.859,2.8969,0.0
France,Western Europe,2020-05-31,3,4.86,0.8056,45133.0873,3.4978,0.0
France,Western Europe,2020-06-30,1,3.12,1.0087,15069.2587,4.6929,0.0
France,Western Europe,2020-07-31,2,5.47,0.9171,43948.784,2.569,0.0
France,Western Europe,2020-08-31,3,6.0133,0.7928,60559.426,2.7541,0.0
France,Western Europe,2020-09-30,2,6.9,0.5935,89408.919,2.7094,0.0
France,Western Europe,2020-10-31,5,6.016,0.6856,69350.9065,3.1127,0.0
France,Western Europe,2020-11-30,3,5.6667,0.8237,50469.8611,3.7461,0.0
France,Western Europe,2020-12-31,1,5.59,0.5932,67258.4093,3.0718,0.0
France,Western Europe,2021-01-31,3,6.3633,0.6769,72912.3256,3.0409,0.0
France,Western Europe,2021-02-28,5,6.024,0.8052,56614.9012,3.1252,0.0
France,Western Europe,2021-03-31,1,7.32,0.8862,64542.5359,3.705,0.0
France,Western Europe,2021-04-30,1,4.99,0.6159,55045.5,3.9991,0.0
France,Western Europe,2021-05-31,5,5.99,0.6521,69567.0421,2.7127,0.0
France,Western Europe,2021-06-30,2,6.135,0.7312,68055.9047,3.1313,0.0
France,Western Europe,2021-07-31,3,5.9767,0.6005,74346.9605,2.1063,0.0
France,Western Europe,2021-08-31,5,6.39,0.7586,65074.5602,3.1703,0.0
France,Western Europe,2021-09-30,2,6.0375,0.6211,71599.643,2.5954,0.0
France,Western Europe,2021-10-31,7,6.8714,0.781,69868.447,2.971,0.0
France,Western Europe,2021-11-30,1,6.45,0.598,81109.1176,2.3048,0.0
France,Western Europe,2021-12-31,2,7.035,0.6101,89042.1692,2.3602,0.0
France,Western Europe,2022-01-31,2,5.555,0.6232,63391.8158,2.4951,0.0
France,Western Europe,2022-02-28,3,6.3033,0.7807,61133.0084,2.712,0.0
France,Western Europe,2022-03-31,2,4.98,0.8657,39098.8437,3.3238,0.0
France,Western Europe,2022-04-30,6,6.0583,0.6522,68652.1301,2.7871,0.0
France,Western Europe,2022-05-31,4,6.6925,0.5571,99202.9975,2.3564,0.0
France,Western Europe,2022-07-31,3,5.8967,0.8273,52160.7526,3.0735,0.0
France,Western Europe,2022-08-31,3,5.5333,0.6753,58015.6249,2.728,0.0
France,Western Europe,2022-09-30,5,6.052,0.6905,71795.4447,2.9566,0.0
France,Western Europe,2022-10-31,3,6.7533,0.9884,52300.4501,4.3273,0.0
France,Western Europe,2022-11-30,6,6.4917,0.7114,72000.6047,2.9517,0.0
France,Western Europe,2022-12-31,2,5.72,0.939,49787.5556,3.8643,0.0
France,Western Europe,2023-01-31,5,6.55,0.7252,69019.1581,2.9608,0.0
France,Western Europe,2023-02-28,5,6.612,0.6667,84489.6882,2.7366,0.0
France,Western Europe,2023-03-31,3,6.17,0.8604,56467.9993,2.8681,0.0
France,Western Europe,2023-04-30,1,5.92,0.9469,45624.0,3.7119,0.0
France,Western Europe,2023-05-31,7,5.17,0.8221,51758.0225,3.0665,14.2857
France,Western Europe,2023-06-30,1,6.64,0.5556,90713.4545,2.5801,0.0
France,Western Europe,2023-07-31,1,6.65,0.8249,61216.0284,3.9995,0.0
France,Western Europe,2023-08-31,1,6.6,0.732,68305.9701,3.1485,0.0
France,Western Europe,2023-09-30,3,5.8067,0.5716,73508.8076,2.4451,0.0
France,Western Europe,2023-10-31,7,6.6829,0.6916,87157.7414,2.8032,0.0
France,Western Europe,2023-11-30,1,5.19,0.6697,53609.2421,2.7035,0.0
France,Western Europe,2023-12-31,6,6.3167,0.7237,66974.1255,3.2589,0.0
France,Western Europe,2024-01-31,1,4.68,0.8553,36012.5652,3.0697,0.0
France,Western Europe,2024-02-29,4,5.83,0.7345,63768.4433,3.282,0.0
France,Western Europe,2024-03-31,3,6.4933,0.754,65311.7286,3.1354,0.0
France,Western Europe,2024-04-30,8,5.1638,0.7544,51065.9688,2.9907,0.0
France,Western Europe,2024-05-31,2,5.98,0.8666,51227.9131,3.618,0.0
France,Western Europe,2024-06-30,7,6.9286,0.6906,80478.4124,2.7431,0.0
France,Western Europe,2024-07-31,1,2.8,0.7176,16723.1907,3.2669,0.0
France,Western Europe,2024-08-31,2,5.05,0.7909,50245.3413,3.2573,0.0
France,Western Europe,2024-09-30,2,6.52,0.91,57356.9912,3.0813,0.0
France,Western Europe,2024-10-31,4,6.1875,0.7198,64340.3264,3.0233,0.0
France,Western Europe,2024-11-30,3,6.89,0.8785,59662.0286,3.313,0.0
France,Western Europe,2024-12-31,1,6.47,0.5788,84143.7706,2.9978,0.0
France,Western Europe,2025-01-31,1,4.73,0.842,37174.9603,3.0391,0.0
France,Western Europe,2025-02-28,1,6.47,0.784,62115.4176,2.3461,0.0
France,Western Europe,2025-03-31,3,6.17,0.7311,65542.4234,2.605,0.0
France,Western Europe,2025-04-30,1,5.94,0.7205,60240.0189,3.3485,0.0
France,Western Europe,2025-05-31,1,8.17,0.8782,74809.5577,2.503,0.0
France,Western Europe,2025-06-30,2,5.955,0.9914,47319.1793,3.9309,0.0
France,Western Europe,2025-07-31,1,6.37,0.8253,57796.1617,1.7949,0.0
France,Western Europe,2025-08-31,6,6.2183,0.8615,54300.6149,2.9956,0.0
France,Western Europe,2025-09-30,2,3.765,0.7998,30358.8338,3.1002,50.0
France,Western Europe,2025-10-31,3,6.3067,0.7029,72826.7888,2.6475,0.0
France,Western Europe,2025-11-30,3,5.8433,0.8688,51218.8889,2.815,0.0
France,Western Europe,2025-12-31,2,5.915,0.9992,43522.016,3.8907,0.0
Germany,Western Europe,2019-01-31,5,5.28,0.9279,44357.2885,3.5362,20.0
Germany,Western Europe,2019-02-28,1,5.54,0.7841,50247.2614,3.8185,0.0
Germany,Western Europe,2019-03-31,4,6.3125,0.9322,50363.4969,3.2939,0.0
Germany,Western Europe,2019-04-30,4,6.555,0.8187,61924.2013,3.6507,0.0
Germany,Western Europe,2019-05-31,2,5.735,0.7803,58816.0186,3.7307,0.0
Germany,Western Europe,2019-06-30,2,5.535,1.1521,34114.484,4.8643,0.0
Germany,Western Europe,2019-07-31,1,7.36,0.5788,99518.4,2.7304,0.0
Germany,Western Europe,2019-09-30,2,5.58,0.7704,63858.0297,2.9953,0.0
Germany,Western Europe,2019-10-31,3,5.5133,0.9283,42097.1615,4.3447,0.0
Germany,Western Europe,2019-11-30,4,5.6,0.87,46639.2182,4.2434,0.0
Germany,Western Europe,2019-12-31,2,5.085,0.9463,37049.2996,3.6994,0.0
Germany,Western Europe,2020-01-31,2,4.325,1.1135,24505.9586,3.9697,0.0
Germany,Western Europe,2020-02-29,4,5.6925,0.9297,44194.8047,3.8122,0.0
Germany,Western Europe,2020-03-31,4,5.995,0.8899,49698.8482,3.4558,0.0
Germany,Western Europe,2020-04-30,3,6.2333,0.751,63248.2173,3.1395,0.0
Germany,Western Europe,2020-05-31,3,5.23,0.8963,41159.1817,3.3843,0.0
Germany,Western Europe,2020-06-30,6,5.9217,0.9769,45372.8498,3.8282,0.0
Germany,Western Europe,2020-07-31,6,5.14,1.004,35888.1019,4.364,16.6667
Germany,Western Europe,2020-08-31,4,5.485,0.8754,45334.0389,3.4155,0.0
Germany,Western Europe,2020-09-30,2,6.12,0.8051,58157.3254,3.484,0.0
Germany,Western Europe,2020-10-31,7,5.0686,0.7741,53135.6737,3.0683,14.2857
Germany,Western Europe,2020-12-31,1,7.22,0.8516,65994.8571,3.3943,0.0
Germany,Western Europe,2021-01-31,5,5.026,0.8061,43019.4744,3.512,20.0
Germany,Western Europe,2021-02-28,4,6.1025,0.8024,56612.9078,3.5037,0.0
Germany,Western Europe,2021-03-31,1,6.33,0.8946,52872.9103,3.1432,0.0
Germany,Western Europe,2021-04-30,1,6.03,0.5907,74989.4291,2.2704,0.0
Germany,Western Europe,2021-05-31,2,5.345,1.0159,36756.4142,5.4408,0.0
Germany,Western Europe,2021-06-30,2,7.105,1.063,54464.8831,3.7589,0.0
Germany,Western Europe,2021-07-31,5,5.676,0.8952,47761.9082,3.3571,0.0
Germany,Western Europe,2021-08-31,3,5.19,0.863,42364.641,3.6292,0.0
Germany,Western Europe,2021-09-30,1,6.29,0.9165,51174.6568,3.5046,0.0
Germany,Western Europe,2021-10-31,2,5.035,0.8785,39097.8465,2.6278,0.0
Germany,Western Europe,2021-11-30,2,5.33,0.8538,42990.2456,3.7213,0.0
Germany,Western Europe,2021-12-31,3,5.8867,0.7892,55838.8954,3.4475,0.0
Germany,Western Europe,2022-01-31,3,6.1233,0.8882,54642.0048,3.2615,0.0
Germany,Western Europe,2022-02-28,2,5.315,0.8344,44463.7986,3.9313,0.0
Germany,Western Europe,2022-03-31,1,4.31,0.9216,29406.5971,2.5197,0.0
Germany,Western Europe,2022-04-30,7,5.2743,0.9037,47422.1842,3.5394,14.2857
Germany,Western Europe,2022-05-31,1,6.46,0.8662,56106.0,5.0282,0.0
Germany,Western Europe,2022-07-31,2,5.31,0.9396,40017.6482,3.7623,0.0
Germany,Western Europe,2022-08-31,6,5.5917,0.7382,57134.9036,3.0789,0.0
Germany,Western Europe,2022-10-31,2,5.94,0.71,61064.528,2.868,0.0
Germany,Western Europe,2022-11-30,3,5.5733,1.0319,38914.0988,4.2221,0.0
Germany,Western Europe,2022-12-31,1,4.91,0.8761,37783.2193,4.6974,0.0
Germany,Western Europe,2023-01-31,2,4.435,0.8453,35992.7983,2.8859,0.0
Germany,Western Europe,2023-02-28,5,5.518,1.0285,38784.6772,3.906,0.0
Germany,Western Europe,2023-03-31,8,6.635,0.7728,68843.1532,2.8825,0.0
Germany,Western Europe,2023-04-30,3,5.8267,0.956,44448.8416,2.7233,0.0
Germany,Western Europe,2023-05-31,2,7.05,0.7254,75242.3842,2.9038,0.0
Germany,Western Europe,2023-06-30,3,5.3367,0.8228,46048.8701,3.2967,0.0
Germany,Western Europe,2023-07-31,2,6.255,0.8767,53153.7149,3.1948,0.0
Germany,Western Europe,2023-08-31,2,6.27,1.0605,46161.7543,3.862,0.0
Germany,Western Europe,2023-09-30,2,4.69,0.798,38696.6949,3.5841,0.0
Germany,Western Europe,2023-10-31,4,4.675,0.9474,31869.8527,3.7019,25.0
Germany,Western Europe,2023-11-30,5,5.3,0.6901,57855.9786,3.0514,0.0
Germany,Western Europe,2023-12-31,5,5.202,0.9088,40588.4647,3.5365,0.0
Germany,Western Europe,2024-01-31,5,5.228,0.9268,42573.5372,3.3456,0.0
Germany,Western Europe,2024-02-29,5,5.436,0.8467,48001.5322,3.3288,0.0
Germany,Western Europe,2024-03-31,2,6.15,0.7807,58333.4955,3.6667,0.0
Germany,Western Europe,2024-04-30,2,3.79,1.0552,22002.7945,4.5079,50.0
Germany,Western Europe,2024-05-31,4,6.2225,0.9124,51524.2763,4.3521,0.0
Germany,Western Europe,2024-06-30,4,7.04,0.8248,70418.1195,2.9278,0.0
Germany,Western Europe,2024-07-31,10,4.615,0.9015,35548.8189,3.9253,0.0
Germany,Western Europe,2024-08-31,3,2.93,1.2011,11727.7837,4.6582,33.3333
Germany,Western Europe,2024-09-30,3,6.555,0.8674,59283.5039,3.6588,0.0
Germany,Western Europe,2024-10-31,1,5.45,1.0163,37881.0221,4.9095,0.0
Germany,Western Europe,2024-12-31,2,5.0,1.0268,32651.8449,3.0546,0.0
Germany,Western Europe,2025-01-31,3,6.0867,0.8336,56952.1954,2.7418,0.0
Germany,Western Europe,2025-03-31,4,4.76,1.0337,36064.486,3.5719,0.0
Germany,Western Europe,2025-04-30,2,4.005,0.8896,28019.0018,4.0549,50.0
Germany,Western Europe,2025-05-31,4,5.185,0.8914,42092.2079,4.0582,0.0
Germany,Western Europe,2025-06-30,4,5.93,0.7487,60220.127,3.4544,0.0
Germany,Western Europe,2025-07-31,5,4.67,0.7999,47238.9554,3.6382,20.0
Germany,Western Europe,2025-08-31,7,5.9043,0.8486,53319.1301,3.2333,0.0
Germany,Western Europe,2025-09-30,4,5.5925,0.7859,54052.3356,3.4131,0.0
Germany,Western Europe,2025-10-31,3,5.7567,0.9767,43820.1443,3.3711,0.0
Germany,Western Europe,2025-11-30,2,5.08,0.8455,40338.655,3.1142,0.0
Germany,Western Europe,2025-12-31,1,6.52,0.6795,72404.5614,3.3227,0.0
Italy,Southern Europe,2019-01-31,2,6.23,0.5764,79904.4092,2.4968,0.0
Italy,Southern Europe,2019-02-28,1,5.4,0.7686,49438.5253,3.5545,0.0
Italy,Southern Europe,2019-03-31,2,7.73,0.6707,91619.8696,2.4915,0.0
Italy,Southern Europe,2019-04-30,4,6.01,0.7782,57469.6533,3.2398,0.0
Italy,Southern Europe,2019-05-31,5,5.292,0.7437,51162.9207,2.8368,0.0
Italy,Southern Europe,2019-06-30,4,5.9175,0.8314,57038.8569,3.0763,0.0
Italy,Southern Europe,2019-07-31,1,6.7,0.7196,70868.5263,2.4071,0.0
Italy,Southern Europe,2019-08-31,4,5.95,0.7447,59543.4161,2.52,0.0
Italy,Southern Europe,2019-09-30,4,6.745,0.7466,70287.3228,2.9883,0.0
Italy,Southern Europe,2019-10-31,1,7.81,0.5195,119549.1064,2.2114,0.0
Italy,Southern Europe,2019-11-30,2,6.675,0.7369,68913.872,3.1829,0.0
Italy,Southern Europe,2019-12-31,2,5.195,0.6839,54535.1571,3.2234,0.0
Italy,Southern Europe,2020-01-31,5,5.586,0.7956,50846.2723,3.2414,0.0
Italy,Southern Europe,2020-02-29,3,5.65,0.6426,64922.0888,2.366,0.0
Italy,Southern Europe,2020-03-31,1,7.38,0.7018,82365.0,3.2706,0.0
Italy,Southern Europe,2020-04-30,5,5.208,0.7659,48566.815,2.7899,0.0
Italy,Southern Europe,2020-06-30,4,6.235,0.7093,67051.797,2.7629,0.0
Italy,Southern Europe,2020-07-31,5,6.076,0.6948,65135.7001,2.2144,0.0
Italy,Southern Europe,2020-08-31,1,4.74,0.685,45840.0379,2.0153,0.0
Italy,Southern Europe,2020-09-30,5,5.35,0.7241,54269.755,3.195,0.0
Italy,Southern Europe,2020-10-31,2,5.92,0.6884,75880.005,2.7865,0.0
Italy,Southern Europe,2020-11-30,2,6.245,0.6693,72389.0519,2.5849,0.0
Italy,Southern Europe,2020-12-31,7,5.6,0.7442,55117.1319,3.0841,0.0
Italy,Southern Europe,2021-01-31,1,7.23,0.7092,79383.0,3.7477,0.0
Italy,Southern Europe,2021-02-28,1,6.22,0.7727,59786.8679,3.966,0.0
Italy,Southern Europe,2021-03-31,4,6.1775,0.6812,67427.0966,3.2362,0.0
Italy,Southern Europe,2021-04-30,4,6.31,0.6834,76809.0709,3.1114,0.0
Italy,Southern Europe,2021-05-31,5,5.524,0.6787,63031.0276,2.5538,20.0
Italy,Southern Europe,2021-06-30,7,5.8343,0.8294,55864.083,2.8459,0.0
Italy,Southern Europe,2021-07-31,3,5.6967,0.7576,62541.1342,2.9118,0.0
Italy,Southern Europe,2021-08-31,2,5.75,0.7539,56547.104,2.8747,0.0
Italy,Southern Europe,2021-09-30,3,5.5167,0.6351,67962.9543,2.838,0.0
Italy,Southern Europe,2021-10-31,5,5.608,0.799,52049.3601,3.2208,0.0
Italy,Southern Europe,2021-11-30,3,5.9067,0.8433,52934.2622,3.0476,0.0
Italy,Southern Europe,2021-12-31,6,6.06,0.7359,63238.9006,3.0805,0.0
Italy,Southern Europe,2022-01-31,4,5.6575,0.8468,48292.3365,3.6026,0.0
Italy,Southern Europe,2022-02-28,3,6.1233,0.6813,68629.6027,2.7482,0.0
Italy,Southern Europe,2022-03-31,1,7.05,0.4552,119720.6329,2.1585,0.0
Italy,Southern Europe,2022-04-30,2,6.215,0.6428,73156.3158,2.8227,0.0
Italy,Southern Europe,2022-05-31,6,5.2567,0.6422,61545.1457,2.4956,0.0
Italy,Southern Europe,2022-06-30,1,6.8,0.6431,80864.4068,2.4637,0.0
Italy,Southern Europe,2022-07-31,3,6.4567,0.6277,84805.0739,2.9154,0.0
Italy,Southern Europe,2022-08-31,6,5.9717,0.7119,72129.2424,2.6783,16.6667
Italy,Southern Europe,2022-09-30,5,5.884,0.8079,57209.1281,3.2988,0.0
Italy,Southern Europe,2022-10-31,2,6.76,0.8704,59159.707,4.0952,0.0
Italy,Southern Europe,2022-11-30,3,5.7167,0.8328,50140.1329,3.3018,0.0
Italy,Southern Europe,2022-12-31,4,5.2875,0.8163,45491.7293,3.2086,0.0
Italy,Southern Europe,2023-01-31,3,4.8767,0.8658,37395.1737,4.0231,0.0
Italy,Southern Europe,2023-02-28,3,6.59,0.6001,83474.7665,2.2886,0.0
Italy,Southern Europe,2023-03-31,5,5.146,0.7678,48785.0651,3.0792,0.0
Italy,Southern Europe,2023-04-30,5,5.576,0.7291,63252.5624,3.0381,0.0
Italy,Southern Europe,2023-05-31,6,6.2133,0.7943,61605.0189,3.1926,0.0
Italy,Southern Europe,2023-06-30,5,5.356,0.7866,48903.9208,3.3319,0.0
Italy,Southern Europe,2023-07-31,3,5.3567,0.7985,49570.9402,3.2926,0.0
Italy,Southern Europe,2023-08-31,2,5.435,0.7128,54771.9986,2.538,0.0
Italy,Southern Europe,2023-09-30,2,5.73,0.8142,61086.6088,2.5631,0.0
Italy,Southern Europe,2023-10-31,4,4.8925,0.9582,39044.5762,3.3658,25.0
Italy,Southern Europe,2023-11-30,7,5.7186,0.7126,61089.5415,3.0273,0.0
Italy,Southern Europe,2023-12-31,1,2.53,0.94,9893.3825,3.7797,100.0
Italy,Southern Europe,2024-01-31,6,5.585,0.734,56936.8285,3.0925,0.0
Italy,Southern Europe,2024-02-29,2,6.09,0.6235,70850.4664,2.4717,0.0
Italy,Southern Europe,2024-03-31,2,6.95,0.6371,91030.0309,2.2995,0.0
Italy,Southern Europe,2024-04-30,3,5.0633,0.7287,50546.4597,3.0307,0.0
Italy,Southern Europe,2024-05-31,3,6.0967,0.6871,69658.8766,2.7904,0.0
Italy,Southern Europe,2024-06-30,1,6.92,0.3517,151276.9346,1.9355,0.0
Italy,Southern Europe,2024-07-31,6,5.0083,0.7232,48148.8901,3.2925,16.6667
Italy,Southern Europe,2024-08-31,1,4.74,0.6417,48931.0651,2.5316,0.0
Italy,Southern Europe,2024-09-30,4,5.385,0.6281,59071.675,2.2714,0.0
Italy,Southern Europe,2024-10-31,1,7.84,0.4457,140001.0492,2.023,0.0
Italy,Southern Europe,2024-11-30,3,5.3633,0.7258,61535.3158,3.2756,0.0
Italy,Southern Europe,2024-12-31,5,5.892,0.7204,63235.9922,2.8158,0.0
Italy,Southern Europe,2025-01-31,2,7.26,0.799,70899.0955,2.9389,0.0
Italy,Southern Europe,2025-02-28,2,7.08,0.6111,90342.3,2.488,0.0
Italy,Southern Europe,2025-03-31,2,5.445,0.7056,61109.2308,2.9163,0.0
Italy,Southern Europe,2025-04-30,1,6.38,0.8976,53253.005,3.6262,0.0
Italy,Southern Europe,2025-05-31,3,5.5967,0.7263,55504.713,3.1075,0.0
Italy,Southern Europe,2025-06-30,2,6.385,0.6615,72890.628,2.92,0.0
Italy,Southern Europe,2025-07-31,3,6.0033,0.5739,78339.0153,2.2847,0.0
Italy,Southern Europe,2025-08-31,5,5.478,0.7089,55937.948,2.8306,0.0
Italy,Southern Europe,2025-09-30,4,5.7325,0.8158,52765.3837,3.4214,0.0
Italy,Southern Europe,2025-10-31,3,6.3067,0.6318,78538.794,3.139,0.0
Italy,Southern Europe,2025-11-30,6,6.3983,0.657,82964.5216,2.5728,0.0
Italy,Southern Europe,2025-12-31,5,5.626,0.644,68326.5314,2.5827,0.0
Netherlands,Western Europe,2019-01-31,2,6.58,0.5311,105231.0063,2.6507,0.0
Netherlands,Western Europe,2019-02-28,2,5.05,0.9701,35616.5885,3.1658,0.0
Netherlands,Western Europe,2019-03-31,4,4.7775,0.7883,44357.067,3.4581,25.0
Netherlands,Western Europe,2019-04-30,2,5.155,0.9052,40605.017,2.9257,0.0
Netherlands,Western Europe,2019-05-31,4,6.385,0.7664,64980.5679,2.8453,0.0
Netherlands,Western Europe,2019-06-30,2,3.905,0.785,32598.4393,2.8879,50.0
Netherlands,Western Europe,2019-07-31,3,5.52,0.6372,61374.5155,2.897,0.0
Netherlands,Western Europe,2019-08-31,3,5.9333,0.8219,59741.4568,3.3156,0.0
Netherlands,Western Europe,2019-10-31,2,8.125,0.526,123987.8672,2.0739,0.0
Netherlands,Western Europe,2019-11-30,4,6.7425,0.7345,72098.8062,3.1521,0.0
Netherlands,Western Europe,2019-12-31,3,5.9833,0.6873,71725.7067,2.6528,0.0
Netherlands,Western Europe,2020-01-31,3,5.9067,0.8557,51067.8223,3.014,0.0
Netherlands,Western Europe,2020-03-31,2,4.24,1.0015,27109.4518,3.6603,0.0
Netherlands,Western Europe,2020-04-30,2,6.965,0.6672,81221.1599,3.1227,0.0
Netherlands,Western Europe,2020-05-31,2,6.8,0.8283,62885.6784,3.8211,0.0
Netherlands,Western Europe,2020-06-30,3,5.8933,0.7231,69551.2754,2.7218,0.0
Netherlands,Western Europe,2020-07-31,4,5.8125,0.7384,62508.7579,2.94,0.0
Netherlands,Western Europe,2020-08-31,4,5.2975,0.7031,58203.5678,3.0532,0.0
Netherlands,Western Europe,2020-09-30,3,6.65,0.658,80472.1734,2.891,0.0
Netherlands,Western Europe,2020-10-31,5,6.38,0.7726,65030.128,2.8125,0.0
Netherlands,Western Europe,2020-11-30,1,4.37,0.6761,40970.2326,2.9698,0.0
Netherlands,Western Europe,2020-12-31,4,6.2825,0.6724,72147.0459,3.0255,0.0
Netherlands,Western Europe,2021-02-28,2,6.29,0.8631,55545.7588,3.5999,0.0
Netherlands,Western Europe,2021-03-31,6,6.4783,0.646,86685.1961,2.4953,0.0
Netherlands,Western Europe,2021-05-31,4,7.2725,0.6508,90384.7904,2.7636,0.0
Netherlands,Western Europe,2021-06-30,2,6.205,0.6668,69340.2293,3.1021,0.0
Netherlands,Western Europe,2021-07-31,1,6.45,0.8675,55905.7391,3.5038,0.0
Netherlands,Western Europe,2021-08-31,1,7.38,0.7904,73125.2571,3.3174,0.0
Netherlands,Western Europe,2021-09-30,3,6.18,0.7937,63830.5105,2.9794,0.0
Netherlands,Western Europe,2021-10-31,3,6.25,0.6956,66754.7337,2.9403,0.0
Netherlands,Western Europe,2021-11-30,7,6.0929,0.7214,68108.1942,2.8141,0.0
Netherlands,Western Europe,2021-12-31,5,6.478,0.6691,88037.6548,2.6553,0.0
Netherlands,Western Europe,2022-01-31,1,6.01,0.9105,48433.3043,3.4023,0.0
Netherlands,Western Europe,2022-02-28,4,5.1925,0.8689,41924.6834,3.922,0.0
Netherlands,Western Europe,2022-03-31,2,6.09,0.6903,65033.3276,3.5083,0.0
Netherlands,Western Europe,2022-04-30,4,4.4875,0.7126,48137.5576,2.5559,25.0
Netherlands,Western Europe,2022-05-31,9,6.2622,0.7069,78287.6547,2.9124,11.1111
Netherlands,Western Europe,2022-06-30,3,5.94,0.9442,53717.9391,3.4257,0.0
Netherlands,Western Europe,2022-07-31,1,7.46,0.4056,144459.8519,1.6372,0.0
Netherlands,Western Europe,2022-09-30,3,6.91,0.6838,80813.349,2.5376,0.0
Netherlands,Western Europe,2022-10-31,3,5.51,0.8073,50300.2852,3.3563,0.0
Netherlands,Western Europe,2022-11-30,2,4.895,0.8753,47045.7154,2.9505,0.0
Netherlands,Western Europe,2022-12-31,1,6.93,0.5785,92136.1111,2.8473,0.0
Netherlands,Western Europe,2023-01-31,1,5.11,0.9538,36800.5728,3.3062,0.0
Netherlands,Western Europe,2023-02-28,3,4.51,0.885,38331.338,3.2788,33.3333
Netherlands,Western Europe,2023-03-31,7,5.5771,0.7774,57962.6954,2.9685,14.2857
Netherlands,Western Europe,2023-05-31,2,6.625,0.6128,82902.9324,2.5559,0.0
Netherlands,Western Europe,2023-06-30,2,5.475,0.5772,66706.3716,2.6967,0.0
Netherlands,Western Europe,2023-07-31,1,7.16,0.6808,81663.7193,2.5943,0.0
Netherlands,Western Europe,2023-08-31,2,4.61,0.7095,44304.9615,1.9879,0.0
Netherlands,Western Europe,2023-09-30,3,6.1,0.6254,71629.7625,2.4125,0.0
Netherlands,Western Europe,2023-10-31,3,5.13,0.9212,42037.3431,3.8376,0.0
Netherlands,Western Europe,2023-11-30,3,4.4833,0.7036,64881.9453,2.3081,33.3333
Netherlands,Western Europe,2024-01-31,2,6.775,0.583,92330.6729,2.9965,0.0
Netherlands,Western Europe,2024-02-29,3,6.33,0.8383,56970.2724,3.4506,0.0
Netherlands,Western Europe,2024-03-31,1,3.45,0.7369,25105.0362,3.003,0.0
Netherlands,Western Europe,2024-04-30,1,5.25,0.6635,55009.8035,2.8757,0.0
Netherlands,Western Europe,2024-05-31,4,6.3375,0.6767,73833.9032,2.923,0.0
Netherlands,Western Europe,2024-06-30,3,6.4133,0.8132,63515.1784,3.6137,0.0
Netherlands,Western Europe,2024-08-31,2,5.445,0.8994,46201.4546,3.1698,0.0
Netherlands,Western Europe,2024-09-30,3,6.3233,0.7454,67344.069,2.7912,0.0
Netherlands,Western Europe,2024-10-31,3,6.73,0.6736,77516.1557,3.1439,0.0
Netherlands,Western Europe,2024-11-30,6,6.725,0.6414,85650.0259,2.4951,0.0
Netherlands,Western Europe,2024-12-31,4,5.52,0.706,68699.3839,2.7721,0.0
Netherlands,Western Europe,2025-01-31,4,6.955,1.2983,63201.3452,3.9574,0.0
Netherlands,Western Europe,2025-02-28,4,5.8275,0.7991,56478.5642,3.3072,0.0
Netherlands,Western Europe,2025-03-31,3,4.4733,0.747,46259.6913,3.0098,33.3333
Netherlands,Western Europe,2025-04-30,2,5.94,0.8528,50700.422,3.2966,0.0
Netherlands,Western Europe,2025-05-31,1,6.78,1.07,48412.8556,2.7661,0.0
Netherlands,Western Europe,2025-06-30,1,6.85,0.718,73119.5225,3.162,0.0
Netherlands,Western Europe,2025-07-31,2,6.25,0.6163,75918.8125,2.2273,0.0
Netherlands,Western Europe,2025-08-31,2,6.19,0.7739,62217.8042,2.6977,0.0
Netherlands,Western Europe,2025-10-31,7,5.7557,0.8394,53592.8366,2.7926,0.0
Netherlands,Western Europe,2025-11-30,1,4.59,0.882,33900.1114,4.3743,0.0
Netherlands,Western Europe,2025-12-31,1,6.47,0.5135,94842.5543,2.3221,0.0
Norway,Northern Europe,2019-01-31,1,2.56,1.0362,9264.8324,3.4211,100.0
Norway,Northern Europe,2019-02-28,5,5.632,0.8937,47635.4142,3.4604,0.0
Norway,Northern Europe,2019-03-31,2,3.745,1.0688,22023.2349,3.7776,50.0
Norway,Northern Europe,2019-04-30,3,3.36,1.1367,14838.9312,4.2077,33.3333
Norway,Northern Europe,2019-05-31,2,6.01,0.9525,46658.1323,3.6327,0.0
Norway,Northern Europe,2019-06-30,6,5.7033,0.9344,45121.2655,3.7568,0.0
Norway,Northern Europe,2019-07-31,4,4.4175,1.1066,25624.9405,4.0618,0.0
Norway,Northern Europe,2019-08-31,1,1.92,1.1009,2906.7801,4.9933,100.0
Norway,Northern Europe,2019-09-30,5,3.978,0.9539,26919.4906,3.505,20.0
Norway,Northern Europe,2019-10-31,4,4.43,0.9573,31065.3201,4.518,25.0
Norway,Northern Europe,2019-11-30,2,5.76,0.9813,43195.567,4.4282,0.0
Norway,Northern Europe,2019-12-31,5,4.956,0.9585,34890.2947,4.2723,20.0
Norway,Northern Europe,2020-01-31,3,5.5833,1.0223,39524.1233,4.8969,0.0
Norway,Northern Europe,2020-02-29,3,5.73,1.2258,33757.9648,3.8218,0.0
Norway,Northern Europe,2020-03-31,2,6.61,0.8784,65599.0083,2.6209,0.0
Norway,Northern Europe,2020-04-30,5,5.612,0.8908,46734.376,3.8033,0.0
Norway,Northern Europe,2020-05-31,5,5.086,0.9215,38329.3765,3.7521,0.0
Norway,Northern Europe,2020-06-30,6,5.7567,0.892,46704.6584,3.7249,0.0
Norway,Northern Europe,2020-07-31,5,6.25,0.9275,52082.1505,3.8544,0.0
Norway,Northern Europe,2020-08-31,2,7.105,0.9987,57597.4149,3.683,0.0
Norway,Northern Europe,2020-09-30,4,4.6175,0.9543,32668.6373,3.9792,0.0
Norway,Northern Europe,2020-10-31,2,5.54,1.1948,32969.9026,4.2106,0.0
Norway,Northern Europe,2020-11-30,1,4.56,0.9102,32521.0526,4.2428,0.0
Norway,Northern Europe,2020-12-31,5,5.87,0.9922,43500.7442,4.3044,0.0
Norway,Northern Europe,2021-01-31,4,5.32,0.962,42334.9627,3.8748,0.0
Norway,Northern Europe,2021-02-28,5,5.918,0.8789,55269.7104,3.433,0.0
Norway,Northern Europe,2021-03-31,2,3.405,0.9007,26607.0475,3.8266,50.0
Norway,Northern Europe,2021-04-30,3,7.04,0.9583,57867.4975,3.7088,0.0
Norway,Northern Europe,2021-05-31,2,5.485,1.1309,34488.5502,4.5334,0.0
Norway,Northern Europe,2021-06-30,2,4.255,1.1583,22880.3206,5.3456,0.0
Norway,Northern Europe,2021-07-31,2,5.725,0.9788,43493.0572,3.9444,0.0
Norway,Northern Europe,2021-08-31,1,6.58,1.298,38365.4026,3.1947,0.0
Norway,Northern Europe,2021-11-30,1,6.18,0.7345,62354.8613,4.0299,0.0
Norway,Northern Europe,2021-12-31,1,5.95,0.8544,50912.3134,4.1877,0.0
Norway,Northern Europe,2022-01-31,3,5.8667,1.1408,37308.6398,4.0844,0.0
Norway,Northern Europe,2022-02-28,7,5.4671,0.9074,45628.1128,4.2994,14.2857
Norway,Northern Europe,2022-03-31,6,4.7817,0.9625,33497.7828,3.7378,0.0
Norway,Northern Europe,2022-04-30,3,6.2333,1.1741,40816.8656,3.7897,0.0
Norway,Northern Europe,2022-06-30,2,6.69,0.9907,51432.4606,3.2252,0.0
Norway,Northern Europe,2022-07-31,6,4.2808,0.8938,39314.3124,3.1277,33.3333
Norway,Northern Europe,2022-08-31,4,5.155,0.8184,42349.5534,3.9378,25.0
Norway,Northern Europe,2022-09-30,4,4.8875,1.0151,34883.0943,4.1518,0.0
Norway,Northern Europe,2022-10-31,1,4.36,1.074,25698.9533,3.8764,0.0
Norway,Northern Europe,2022-11-30,4,6.185,0.7462,61433.6226,3.4111,0.0
Norway,Northern Europe,2022-12-31,2,6.255,1.1274,41180.4412,5.0463,0.0
Norway,Northern Europe,2023-01-31,5,5.436,0.9698,42394.2026,4.286,0.0
Norway,Northern Europe,2023-02-28,1,7.03,0.8623,62969.7479,2.8643,0.0
Norway,Northern Europe,2023-03-31,4,3.775,1.0174,23960.1058,4.2117,25.0
Norway,Northern Europe,2023-04-30,4,5.9775,1.1073,39968.5089,4.9006,0.0
Norway,Northern Europe,2023-05-31,4,4.3475,0.9274,38896.833,3.8737,25.0
Norway,Northern Europe,2023-06-30,1,5.56,0.7957,49768.5517,3.3732,0.0
Norway,Northern Europe,2023-07-31,8,5.5262,1.03,38793.0452,3.7944,0.0
Norway,Northern Europe,2023-08-31,6,4.9917,0.9316,38425.4667,3.8615,33.3333
Norway,Northern Europe,2023-09-30,1,4.93,0.7677,43374.253,3.6461,0.0
Norway,Northern Europe,2023-10-31,3,6.17,0.9285,51027.3506,4.5768,0.0
Norway,Northern Europe,2023-11-30,2,5.595,1.1299,34893.2161,4.3318,0.0
Norway,Northern Europe,2023-12-31,1,7.81,0.9206,67455.1169,2.7931,0.0
Norway,Northern Europe,2024-01-31,2,4.16,0.9537,27291.1647,4.0117,0.0
Norway,Northern Europe,2024-02-29,3,5.6433,0.9181,54270.3253,3.1624,33.3333
Norway,Northern Europe,2024-03-31,2,6.785,0.9102,57339.1166,3.6664,0.0
Norway,Northern Europe,2024-04-30,2,6.235,0.9425,62471.9101,3.2964,0.0
Norway,Northern Europe,2024-05-31,4,6.1925,0.8773,55455.7442,3.8248,0.0
Norway,Northern Europe,2024-06-30,2,6.21,1.0007,47175.7892,3.5822,0.0
Norway,Northern Europe,2024-07-31,2,6.19,0.9278,54038.6356,4.5551,0.0
Norway,Northern Europe,2024-08-31,1,5.99,0.9913,44284.435,4.4144,0.0
Norway,Northern Europe,2024-09-30,3,2.6967,1.1036,11814.1568,4.307,66.6667
Norway,Northern Europe,2024-10-31,3,7.1433,0.8035,72332.5027,3.3541,0.0
Norway,Northern Europe,2024-11-30,6,5.3017,0.8783,44855.1645,3.2511,0.0
Norway,Northern Europe,2024-12-31,1,4.99,1.0186,33281.8235,4.4464,0.0
Norway,Northern Europe,2025-01-31,4,5.92,0.9431,53190.1531,3.7463,0.0
Norway,Northern Europe,2025-02-28,5,4.62,1.0187,35319.8844,3.7744,20.0
Norway,Northern Europe,2025-05-31,7,4.8343,1.2403,25891.168,4.8173,14.2857
Norway,Northern Europe,2025-06-30,2,5.31,0.9872,38261.999,3.937,0.0
Norway,Northern Europe,2025-07-31,5,4.91,0.892,38818.0069,3.6967,0.0
Norway,Northern Europe,2025-08-31,7,6.43,1.0005,50836.7443,3.8039,0.0
Norway,Northern Europe,2025-09-30,3,6.4633,0.7619,64201.0623,3.1721,0.0
Norway,Northern Europe,2025-10-31,2,4.235,0.8248,35998.516,3.5012,0.0
Norway,Northern Europe,2025-11-30,3,4.8267,0.9807,32823.2392,4.3361,0.0
Norway,Northern Europe,2025-12-31,2,4.81,0.864,37966.3853,4.0519,0.0
Poland,Eastern Europe,2019-01-31,6,6.2683,0.8965,59892.6387,3.215,0.0
Poland,Eastern Europe,2019-02-28,3,6.23,0.8496,56966.3222,2.6346,0.0
Poland,Eastern Europe,2019-03-31,3,5.3367,1.0355,36555.402,3.7768,0.0
Poland,Eastern Europe,2019-04-30,6,6.505,0.8001,61781.4563,3.5435,0.0
Poland,Eastern Europe,2019-05-31,3,6.88,0.6079,86855.817,2.3671,0.0
Poland,Eastern Europe,2019-06-30,2,5.985,0.6982,64974.5152,3.3553,0.0
Poland,Eastern Europe,2019-07-31,1,4.44,0.9624,29508.2271,5.013,0.0
Poland,Eastern Europe,2019-08-31,2,6.98,0.752,71502.3917,3.3261,0.0
Poland,Eastern Europe,2019-09-30,1,5.58,0.6707,59337.3254,2.0957,0.0
Poland,Eastern Europe,2019-10-31,6,6.0567,0.8287,56689.22,3.7569,0.0
Poland,Eastern Europe,2019-11-30,2,6.11,1.0553,42686.6156,3.8627,0.0
Poland,Eastern Europe,2019-12-31,3,5.8233,0.6371,70310.6705,2.627,0.0
Poland,Eastern Europe,2020-01-31,4,5.835,0.8314,52626.5419,3.2179,0.0
Poland,Eastern Europe,2020-02-29,2,3.955,0.9683,26087.2356,4.1142,0.0
Poland,Eastern Europe,2020-03-31,5,5.432,0.8664,48486.7549,3.1023,0.0
Poland,Eastern Europe,2020-04-30,3,4.67,0.9602,31853.1346,4.0841,0.0
Poland,Eastern Europe,2020-05-31,4,5.765,0.8763,47622.0629,3.9166,0.0
Poland,Eastern Europe,2020-06-30,4,5.0875,0.8298,43811.0312,3.5582,0.0
Poland,Eastern Europe,2020-08-31,6,6.5833,0.7636,66612.6746,3.1341,0.0
Poland,Eastern Europe,2020-09-30,2,6.16,0.7775,58482.9814,3.4111,0.0
Poland,Eastern Europe,2020-10-31,1,5.07,0.7131,48661.4924,3.3526,0.0
Poland,Eastern Europe,2020-11-30,4,6.1475,0.8822,55383.5385,3.2675,0.0
Poland,Eastern Europe,2020-12-31,1,5.17,0.8768,40715.2237,2.8889,0.0
Poland,Eastern Europe,2021-01-31,5,6.076,0.8464,56585.5288,3.6041,0.0
Poland,Eastern Europe,2021-02-28,5,6.47,0.7695,63608.3165,3.0829,0.0
Poland,Eastern Europe,2021-03-31,1,6.7,0.7812,65280.0,3.4824,0.0
Poland,Eastern Europe,2021-04-30,3,7.1467,0.8846,64337.4004,3.5389,0.0
Poland,Eastern Europe,2021-05-31,5,5.902,0.8176,56322.8648,3.0265,0.0
Poland,Eastern Europe,2021-06-30,3,5.3733,0.8291,45515.6335,3.1081,0.0
Poland,Eastern Europe,2021-07-31,3,4.9967,0.8659,40091.391,4.1777,0.0
Poland,Eastern Europe,2021-08-31,2,3.275,1.224,15940.0966,4.2478,50.0
Poland,Eastern Europe,2021-09-30,3,6.2067,0.7203,64099.0781,3.4516,0.0
Poland,Eastern Europe,2021-10-31,4,6.275,0.8933,56173.0585,3.6984,0.0
Poland,Eastern Europe,2021-11-30,4,4.58,0.9006,39212.7029,3.4289,25.0
Poland,Eastern Europe,2021-12-31,4,6.67,0.7868,68140.1028,2.5888,0.0
Poland,Eastern Europe,2022-01-31,1,6.37,0.8277,57630.7627,3.5194,0.0
Poland,Eastern Europe,2022-02-28,6,5.425,0.8455,48461.2606,3.2307,0.0
Poland,Eastern Europe,2022-03-31,4,6.1875,0.9564,49515.6452,3.5076,0.0
Poland,Eastern Europe,2022-04-30,1,6.49,0.8405,58181.6561,2.253,0.0
Poland,Eastern Europe,2022-05-31,4,4.5875,0.7492,45273.2026,3.1701,25.0
Poland,Eastern Europe,2022-06-30,3,3.8433,0.9536,33264.1083,4.4353,66.6667
Poland,Eastern Europe,2022-07-31,4,6.1925,0.9026,53103.7998,3.2969,0.0
Poland,Eastern Europe,2022-08-31,3,6.3567,0.776,62214.2013,3.5087,0.0
Poland,Eastern Europe,2022-09-30,4,6.5975,0.7876,64540.2957,3.1013,0.0
Poland,Eastern Europe,2022-10-31,5,5.198,1.0191,36631.0335,3.1478,20.0
Poland,Eastern Europe,2022-11-30,1,6.1,0.6286,71586.5625,2.4104,0.0
Poland,Eastern Europe,2022-12-31,1,6.37,1.0821,44082.5701,3.4417,0.0
Poland,Eastern Europe,2023-01-31,3,6.4667,0.8839,55983.086,3.4107,0.0
Poland,Eastern Europe,2023-02-28,1,7.37,0.9593,60145.1557,3.9749,0.0
Poland,Eastern Europe,2023-03-31,1,4.4,0.8267,33868.125,2.9104,0.0
Poland,Eastern Europe,2023-04-30,1,6.65,0.9562,52811.681,2.4534,0.0
Poland,Eastern Europe,2023-05-31,4,5.5975,0.664,72562.588,2.159,25.0
Poland,Eastern Europe,2023-06-30,5,5.734,0.9723,46707.9418,3.9087,0.0
Poland,Eastern Europe,2023-07-31,4,5.9125,0.8947,48289.8676,3.7896,0.0
Poland,Eastern Europe,2023-08-31,1,6.34,0.6052,78319.6706,2.4815,0.0
Poland,Eastern Europe,2023-09-30,2,5.93,0.7633,58694.7561,3.0365,0.0
Poland,Eastern Europe,2023-10-31,3,5.7867,0.7935,56517.4589,3.0765,0.0
Poland,Eastern Europe,2023-12-31,5,5.786,0.8344,51944.1018,3.0924,0.0
Poland,Eastern Europe,2024-01-31,5,4.586,0.882,44315.0492,3.3551,20.0
Poland,Eastern Europe,2024-02-29,2,5.785,0.8535,50313.7046,4.3519,0.0
Poland,Eastern Europe,2024-03-31,1,4.36,1.1811,23367.7254,6.356,0.0
Poland,Eastern Europe,2024-04-30,7,6.1471,0.7729,60863.2114,3.0718,0.0
Poland,Eastern Europe,2024-05-31,1,7.36,0.4421,130297.2632,1.9996,0.0
Poland,Eastern Europe,2024-06-30,2,6.61,0.7878,63991.5821,2.9845,0.0
Poland,Eastern Europe,2024-07-31,2,5.145,0.8088,44643.5443,3.3764,0.0
Poland,Eastern Europe,2024-08-31,1,6.77,0.5048,102413.4312,2.6774,0.0
Poland,Eastern Europe,2024-09-30,1,7.19,0.7459,74947.4074,3.4955,0.0
Poland,Eastern Europe,2024-10-31,1,4.85,1.2263,26502.1739,4.5735,0.0
Poland,Eastern Europe,2024-11-30,2,6.395,0.822,58360.5903,3.4134,0.0
Poland,Eastern Europe,2024-12-31,5,6.264,0.9104,56327.1982,3.3116,0.0
Poland,Eastern Europe,2025-01-31,2,6.9,0.7496,71073.8904,3.5971,0.0
Poland,Eastern Europe,2025-02-28,4,6.495,0.8572,68717.397,3.507,0.0
Poland,Eastern Europe,2025-03-31,4,5.4775,0.8953,43634.3208,3.4879,0.0
Poland,Eastern Europe,2025-04-30,6,5.39,0.8667,44154.307,3.8548,0.0
Poland,Eastern Europe,2025-05-31,2,6.675,0.9795,52715.5255,3.2838,0.0
Poland,Eastern Europe,2025-06-30,1,3.95,0.7777,30216.5443,3.5588,0.0
Poland,Eastern Europe,2025-07-31,3,6.71,0.7399,70458.845,2.8169,0.0
Poland,Eastern Europe,2025-08-31,3,5.2033,0.7923,46669.7492,2.1366,0.0
Poland,Eastern Europe,2025-09-30,4,5.4925,0.7498,59686.9066,3.3994,0.0
Poland,Eastern Europe,2025-10-31,2,6.475,0.9904,48699.8512,4.0492,0.0
Poland,Eastern Europe,2025-11-30,3,5.8533,0.8109,54340.7205,3.8579,0.0
Poland,Eastern Europe,2025-12-31,4,5.1125,0.816,48279.5498,3.5369,0.0
Portugal,Southern Europe,2019-01-31,3,5.9867,0.8176,57812.2392,2.9357,0.0
Portugal,Southern Europe,2019-03-31,2,6.58,0.6903,76377.022,2.7441,0.0
Portugal,Southern Europe,2019-04-30,1,4.77,0.7064,44875.9803,1.9593,0.0
Portugal,Southern Europe,2019-06-30,2,6.625,0.4746,115536.0913,2.1434,0.0
Portugal,Southern Europe,2019-07-31,4,5.81,0.672,63510.5381,2.627,0.0
Portugal,Southern Europe,2019-08-31,3,7.2167,0.5855,111299.2224,2.0569,0.0
Portugal,Southern Europe,2019-09-30,2,7.735,0.492,124174.2163,2.088,0.0
Portugal,Southern Europe,2019-10-31,2,7.615,0.6081,103930.8224,2.4568,0.0
Portugal,Southern Europe,2019-11-30,5,5.236,0.7753,51031.1198,3.1894,0.0
Portugal,Southern Europe,2019-12-31,3,5.9967,0.4966,88750.3689,2.37,0.0
Portugal,Southern Europe,2020-01-31,2,6.41,0.6768,81248.9399,3.2765,0.0
Portugal,Southern Europe,2020-02-29,3,5.01,0.7205,49494.4972,2.5145,0.0
Portugal,Southern Europe,2020-03-31,2,6.93,0.5951,88269.125,2.3915,0.0
Portugal,Southern Europe,2020-04-30,1,5.35,0.8147,46028.2738,3.5653,0.0
Portugal,Southern Europe,2020-05-31,2,6.685,0.6725,76856.2949,2.5563,0.0
Portugal,Southern Europe,2020-06-30,4,7.105,0.6278,97641.8731,2.6201,0.0
Portugal,Southern Europe,2020-07-31,6,6.6367,0.5631,97144.3191,2.4305,0.0
Portugal,Southern Europe,2020-08-31,2,5.09,0.5621,80840.7362,2.4203,0.0
Portugal,Southern Europe,2020-09-30,5,6.688,0.6478,90959.7993,2.6799,0.0
Portugal,Southern Europe,2020-10-31,3,6.9433,0.6733,93560.5214,2.9074,0.0
Portugal,Southern Europe,2020-11-30,2,6.61,0.6442,77567.5438,2.7925,0.0
Portugal,Southern Europe,2020-12-31,3,5.9933,0.5751,78991.4627,2.5759,0.0
Portugal,Southern Europe,2021-01-31,3,5.8033,0.6729,63518.5895,3.0793,0.0
Portugal,Southern Europe,2021-02-28,5,6.118,0.7545,60931.1042,2.5369,0.0
Portugal,Southern Europe,2021-03-31,3,5.54,0.5773,90706.8878,1.7723,0.0
Portugal,Southern Europe,2021-04-30,2,6.865,0.8184,70697.277,2.6922,0.0
Portugal,Southern Europe,2021-05-31,1,7.13,0.5374,102903.3279,2.591,0.0
Portugal,Southern Europe,2021-06-30,1,4.71,0.8468,36726.8185,3.0489,0.0
Portugal,Southern Europe,2021-07-31,2,6.885,0.5315,100176.6957,1.6761,0.0
Portugal,Southern Europe,2021-08-31,2,7.235,0.6803,83347.1135,3.0162,0.0
Portugal,Southern Europe,2021-09-30,3,4.9267,0.7283,48135.688,2.7716,0.0
Portugal,Southern Europe,2021-10-31,2,6.23,0.6022,83081.1699,2.5786,0.0
Portugal,Southern Europe,2021-11-30,4,6.8275,0.6585,83248.0788,3.1686,0.0
Portugal,Southern Europe,2021-12-31,2,6.505,0.8308,59453.6285,3.1086,0.0
Portugal,Southern Europe,2022-01-31,3,5.9133,0.6933,65164.6333,3.3843,0.0
Portugal,Southern Europe,2022-02-28,3,5.22,0.7593,55930.0915,2.7976,0.0
Portugal,Southern Europe,2022-03-31,4,6.485,0.6867,76051.1338,3.1549,0.0
Portugal,Southern Europe,2022-04-30,5,5.518,0.6522,62616.6171,2.6546,0.0
Portugal,Southern Europe,2022-05-31,5,6.216,0.698,72074.8274,3.0295,0.0
Portugal,Southern Europe,2022-06-30,9,6.6456,0.6592,80912.4195,2.6258,0.0
Portugal,Southern Europe,2022-07-31,3,6.71,0.6029,88116.1048,2.3785,0.0
Portugal,Southern Europe,2022-08-31,1,6.11,0.6156,73258.8,2.9774,0.0
Portugal,Southern Europe,2022-09-30,7,5.9457,0.7294,62358.2812,3.0988,0.0
Portugal,Southern Europe,2022-10-31,1,7.13,0.3818,144821.6977,1.6488,0.0
Portugal,Southern Europe,2022-11-30,1,5.98,0.5585,78423.0,2.5507,0.0
Portugal,Southern Europe,2022-12-31,2,5.355,0.7409,50645.6346,3.9833,0.0
Portugal,Southern Europe,2023-01-31,3,5.5633,0.8224,56936.2933,2.9415,0.0
Portugal,Southern Europe,2023-02-28,2,7.54,0.5954,100219.3799,2.5872,0.0
Portugal,Southern Europe,2023-03-31,4,5.6625,0.7198,57170.7747,3.1287,0.0
Portugal,Southern Europe,2023-04-30,4,6.86,0.6601,79875.1749,2.1597,0.0
Portugal,Southern Europe,2023-05-31,4,6.2425,0.7377,63689.1504,2.9462,0.0
Portugal,Southern Europe,2023-06-30,6,5.175,0.7239,53849.8011,3.4784,0.0
Portugal,Southern Europe,2023-07-31,4,7.075,0.5679,97497.3313,2.1403,0.0
Portugal,Southern Europe,2023-08-31,4,6.095,0.6666,78459.9734,2.4137,0.0
Portugal,Southern Europe,2023-09-30,2,6.215,0.5182,92016.0806,2.3185,0.0
Portugal,Southern Europe,2023-10-31,3,5.66,0.7927,52936.2261,2.985,0.0
Portugal,Southern Europe,2023-11-30,3,6.5967,0.6547,83373.8059,2.6107,0.0
Portugal,Southern Europe,2023-12-31,3,6.01,0.6668,71559.2808,3.18,0.0
Portugal,Southern Europe,2024-01-31,1,6.02,0.8708,50760.0167,3.6821,0.0
Portugal,Southern Europe,2024-02-29,2,5.845,0.5031,93594.9889,2.4103,0.0
Portugal,Southern Europe,2024-03-31,2,6.225,0.6123,77678.4323,2.0268,0.0
Portugal,Southern Europe,2024-04-30,3,6.3733,0.8032,59835.9131,2.917,0.0
Portugal,Southern Europe,2024-05-31,10,6.082,0.691,70449.3379,2.8175,0.0
Portugal,Southern Europe,2024-06-30,4,6.645,0.5906,86764.1051,2.6075,0.0
Portugal,Southern Europe,2024-07-31,1,7.18,0.4663,119660.0,2.2757,0.0
Portugal,Southern Europe,2024-08-31,2,5.48,0.7884,50364.0869,3.5046,0.0
Portugal,Southern Europe,2024-09-30,4,5.0025,0.6269,83769.8095,2.9349,0.0
Portugal,Southern Europe,2024-10-31,1,6.29,0.7856,59702.0503,3.0342,0.0
Portugal,Southern Europe,2024-11-30,8,5.93,0.6648,69913.9816,2.9541,12.5
Portugal,Southern Europe,2024-12-31,1,7.07,0.6603,82840.7129,2.84,0.0
Portugal,Southern Europe,2025-01-31,4,5.9875,0.719,64783.4753,2.5964,0.0
Portugal,Southern Europe,2025-02-28,5,6.77,0.6918,76644.0059,3.0338,0.0
Portugal,Southern Europe,2025-03-31,3,5.2,0.7958,46124.0445,2.6659,0.0
Portugal,Southern Europe,2025-04-30,3,4.7033,0.7238,48704.2043,2.3947,0.0
Portugal,Southern Europe,2025-05-31,2,7.05,0.5498,98937.8145,2.5952,0.0
Portugal,Southern Europe,2025-06-30,2,6.355,0.875,57690.229,3.0694,0.0
Portugal,Southern Europe,2025-07-31,7,6.0429,0.6808,69178.154,2.6849,0.0
Portugal,Southern Europe,2025-08-31,4,6.1275,0.6911,74175.4841,2.529,0.0
Portugal,Southern Europe,2025-09-30,5,6.054,0.6762,66811.5354,2.6236,0.0
Portugal,Southern Europe,2025-10-31,4,6.6925,0.7673,68546.9219,3.2796,0.0
Portugal,Southern Europe,2025-11-30,2,7.245,0.6691,84353.1098,2.7605,0.0
Portugal,Southern Europe,2025-12-31,2,6.615,0.6571,76185.4379,2.7466,0.0
Spain,Southern Europe,2019-01-31,3,5.9467,0.5672,77175.9572,2.6786,0.0
Spain,Southern Europe,2019-02-28,3,4.7567,0.7351,54995.9198,2.7143,33.3333
Spain,Southern Europe,2019-03-31,4,6.8075,0.6639,91836.0647,3.0235,0.0
Spain,Southern Europe,2019-04-30,5,6.332,0.6043,84678.3391,2.2225,0.0
Spain,Southern Europe,2019-05-31,1,7.21,0.626,89611.6364,2.5418,0.0
Spain,Southern Europe,2019-06-30,2,7.125,0.5144,107485.7631,2.5363,0.0
Spain,Southern Europe,2019-07-31,3,5.6467,0.7182,58670.6885,3.2647,0.0
Spain,Southern Europe,2019-08-31,3,5.6367,0.6307,65378.6832,3.0102,0.0
Spain,Southern Europe,2019-09-30,5,5.848,0.6913,61317.8562,2.7288,0.0
Spain,Southern Europe,2019-10-31,3,6.3767,0.6552,78833.3279,2.5612,0.0
Spain,Southern Europe,2019-11-30,6,5.48,0.7406,59255.3889,2.8736,0.0
Spain,Southern Europe,2019-12-31,3,6.15,0.6752,68354.8948,2.623,0.0
Spain,Southern Europe,2020-01-31,5,5.482,0.7453,54257.0261,3.2652,0.0
Spain,Southern Europe,2020-02-29,3,6.6467,0.6328,82984.9756,2.301,0.0
Spain,Southern Europe,2020-03-31,4,6.13,0.6627,75022.6184,2.4032,0.0
Spain,Southern Europe,2020-04-30,3,5.6933,0.706,61265.202,3.1177,0.0
Spain,Southern Europe,2020-05-31,5,6.452,0.5189,97411.3486,1.9165,0.0
Spain,Southern Europe,2020-06-30,3,6.7433,0.5073,105650.5115,2.4691,0.0
Spain,Southern Europe,2020-07-31,5,6.918,0.5523,104879.975,2.3334,0.0
Spain,Southern Europe,2020-08-31,4,5.965,0.8069,59292.9584,3.1445,0.0
Spain,Southern Europe,2020-09-30,2,5.56,0.8216,50883.3519,2.6871,0.0
Spain,Southern Europe,2020-10-31,6,6.01,0.5709,84503.6056,2.2819,0.0
Spain,Southern Europe,2020-11-30,4,6.4275,0.6189,82597.246,2.2838,0.0
Spain,Southern Europe,2021-01-31,3,5.83,0.6325,66695.0295,2.7002,0.0
Spain,Southern Europe,2021-02-28,4,7.2875,0.6027,98694.7377,2.6106,0.0
Spain,Southern Europe,2021-03-31,4,4.8275,0.595,55905.5305,2.7197,0.0
Spain,Southern Europe,2021-04-30,1,7.01,0.5963,90724.6792,2.6511,0.0
Spain,Southern Europe,2021-05-31,7,7.0286,0.6488,86951.7206,2.429,0.0
Spain,Southern Europe,2021-06-30,2,6.68,0.5976,102275.5759,2.6588,0.0
Spain,Southern Europe,2021-08-31,2,5.105,0.6838,51705.2115,3.1566,0.0
Spain,Southern Europe,2021-10-31,7,5.85,0.7326,60970.6058,2.928,0.0
Spain,Southern Europe,2021-12-31,5,6.57,0.5213,99266.502,2.3319,0.0
Spain,Southern Europe,2022-01-31,3,6.1833,0.8403,56052.4832,3.0815,0.0
Spain,Southern Europe,2022-03-31,3,6.3633,0.7923,63965.8759,3.3353,0.0
Spain,Southern Europe,2022-04-30,2,8.14,0.5446,138232.2139,2.1015,0.0
Spain,Southern Europe,2022-05-31,6,6.0883,0.6307,80702.4212,2.4344,0.0
Spain,Southern Europe,2022-08-31,3,5.9667,0.7307,62884.7653,3.1856,0.0
Spain,Southern Europe,2022-09-30,3,6.9467,0.5675,98135.7558,2.6039,0.0
Spain,Southern Europe,2022-10-31,1,5.94,0.6207,69921.9264,2.453,0.0
Spain,Southern Europe,2022-11-30,2,7.135,0.6544,85112.3285,2.497,0.0
Spain,Southern Europe,2022-12-31,3,6.2033,0.7277,63419.6853,2.9133,0.0
Spain,Southern Europe,2023-01-31,5,5.59,0.6418,70186.0707,2.8762,0.0
Spain,Southern Europe,2023-03-31,4,6.8,0.7417,75979.062,2.0902,0.0
Spain,Southern Europe,2023-04-30,2,5.82,0.5678,82125.891,2.7302,0.0
Spain,Southern Europe,2023-06-30,1,6.4,0.4327,110932.6829,1.686,0.0
Spain,Southern Europe,2023-07-31,5,6.544,0.5502,94848.834,2.2612,0.0
Spain,Southern Europe,2023-08-31,1,7.32,0.543,105337.375,1.995,0.0
Spain,Southern Europe,2023-10-31,6,6.525,0.734,73298.9032,2.4632,0.0
Spain,Southern Europe,2023-11-30,1,6.74,0.5996,85720.2083,2.3949,0.0
Spain,Southern Europe,2023-12-31,5,6.884,0.5099,113926.4573,2.1924,0.0
Spain,Southern Europe,2024-01-31,1,5.44,0.8134,47211.6923,4.1593,0.0
Spain,Southern Europe,2024-02-29,1,6.22,0.8006,57705.3529,3.1763,0.0
Spain,Southern Europe,2024-03-31,4,6.87,0.7036,75302.6309,2.6526,0.0
Spain,Southern Europe,2024-04-30,2,5.495,0.8076,52231.7135,3.6699,0.0
Spain,Southern Europe,2024-05-31,4,5.955,0.63,68368.7779,2.8417,0.0
Spain,Southern Europe,2024-06-30,2,6.995,0.6796,80185.9462,3.1129,0.0
Spain,Southern Europe,2024-07-31,2,7.1,0.6357,88570.5814,1.8623,0.0
Spain,Southern Europe,2024-08-31,3,5.8367,0.743,56865.6774,2.5714,0.0
Spain,Southern Europe,2024-09-30,3,6.8533,0.753,77496.4166,2.9915,0.0
Spain,Southern Europe,2024-10-31,1,3.85,0.9379,23990.2077,3.1948,0.0
Spain,Southern Europe,2024-11-30,6,6.2217,0.6681,72087.8647,2.6945,0.0
Spain,Southern Europe,2024-12-31,2,6.48,0.4845,105926.9188,2.504,0.0
Spain,Southern Europe,2025-01-31,2,6.945,0.492,114925.8478,2.3597,0.0
Spain,Southern Europe,2025-02-28,4,5.405,0.6807,62339.2276,3.1322,0.0
Spain,Southern Europe,2025-03-31,2,5.82,0.6355,72270.6196,2.4018,0.0
Spain,Southern Europe,2025-04-30,5,5.954,0.8239,59192.6207,3.065,0.0
Spain,Southern Europe,2025-05-31,4,6.58,0.5693,93532.897,2.1938,0.0
Spain,Southern Europe,2025-06-30,7,5.8714,0.618,76676.1821,2.553,0.0
Spain,Southern Europe,2025-07-31,4,6.23,0.6497,72910.4488,2.7456,0.0
Spain,Southern Europe,2025-08-31,5,6.678,0.6916,76348.073,2.4115,0.0
Spain,Southern Europe,2025-09-30,4,5.2875,0.6629,57191.3995,3.1398,0.0
Spain,Southern Europe,2025-10-31,4,6.8125,0.5283,101202.9683,2.3693,0.0
Spain,Southern Europe,2025-11-30,1,8.52,0.3916,176717.0286,1.3443,0.0
Spain,Southern Europe,2025-12-31,3,6.4933,0.5405,99062.8758,1.908,0.0
Sweden,Northern Europe,2019-01-31,3,5.9133,0.8987,52694.7875,3.3835,0.0
Sweden,Northern Europe,2019-03-31,1,6.37,0.833,57259.9674,3.1813,0.0
Sweden,Northern Europe,2019-05-31,4,6.1125,0.8198,62935.3269,3.6576,0.0
Sweden,Northern Europe,2019-06-30,1,2.81,1.1424,10592.1738,4.7078,0.0
Sweden,Northern Europe,2019-07-31,1,6.66,0.956,52929.2961,3.3389,0.0
Sweden,Northern Europe,2019-08-31,3,5.5767,1.0046,40220.5234,4.0358,0.0
Sweden,Northern Europe,2019-09-30,1,7.34,1.0558,54366.543,5.0055,0.0
Sweden,Northern Europe,2019-10-31,1,6.62,0.8829,56858.6038,3.4387,0.0
Sweden,Northern Europe,2019-11-30,4,5.0525,1.1721,28904.3466,5.1299,0.0
Sweden,Northern Europe,2019-12-31,4,5.715,0.9934,41567.1887,3.5261,0.0
Sweden,Northern Europe,2020-01-31,5,6.444,0.8842,57673.4745,3.4664,0.0
Sweden,Northern Europe,2020-04-30,5,6.334,0.8163,58296.0631,3.5115,0.0
Sweden,Northern Europe,2020-05-31,4,4.88,0.8023,44500.4503,3.3127,25.0
Sweden,Northern Europe,2020-06-30,2,5.475,0.762,51634.7629,3.0274,0.0
Sweden,Northern Europe,2020-07-31,4,5.71,0.8595,54452.8934,3.2738,0.0
Sweden,Northern Europe,2020-08-31,3,5.8167,0.7927,53253.6699,3.2573,0.0
Sweden,Northern Europe,2020-09-30,1,5.1,1.1004,31806.3712,3.742,0.0
Sweden,Northern Europe,2020-10-31,1,3.49,1.0844,17429.7273,5.5608,0.0
Sweden,Northern Europe,2020-11-30,1,5.94,0.9307,46630.0,3.9591,0.0
Sweden,Northern Europe,2020-12-31,4,6.0375,0.8091,57087.9225,3.6128,0.0
Sweden,Northern Europe,2021-01-31,1,5.2,1.2856,28001.8868,5.3001,0.0
Sweden,Northern Europe,2021-02-28,2,6.175,0.9627,49010.4719,3.4114,0.0
Sweden,Northern Europe,2021-03-31,5,5.718,0.8633,49276.5104,3.7447,20.0
Sweden,Northern Europe,2021-04-30,2,4.76,1.0807,31568.1097,4.3979,0.0
Sweden,Northern Europe,2021-05-31,5,6.082,1.006,45536.6301,3.8691,0.0
Sweden,Northern Europe,2021-06-30,4,6.4575,0.7331,73153.6605,3.2175,0.0
Sweden,Northern Europe,2021-07-31,2,5.47,0.9922,39420.0977,3.9872,0.0
Sweden,Northern Europe,2021-08-31,3,4.96,1.1877,29651.8389,4.2691,0.0
Sweden,Northern Europe,2021-09-30,3,4.5833,0.8908,40399.3658,3.4839,33.3333
Sweden,Northern Europe,2021-10-31,4,6.595,0.8075,73868.9137,3.4422,0.0
Sweden,Northern Europe,2021-11-30,4,5.9325,0.9989,43443.8656,3.484,0.0
Sweden,Northern Europe,2021-12-31,4,6.12,0.9067,53013.6571,3.4231,0.0
Sweden,Northern Europe,2022-01-31,4,4.755,1.0228,31634.4559,4.7275,0.0
Sweden,Northern Europe,2022-02-28,3,6.44,1.2479,38757.1229,4.3839,0.0
Sweden,Northern Europe,2022-03-31,4,5.835,0.9727,45640.3184,3.8523,0.0
Sweden,Northern Europe,2022-04-30,1,6.64,0.4937,102078.0,2.1528,0.0
Sweden,Northern Europe,2022-05-31,3,4.4367,0.8446,33907.0647,3.9626,0.0
Sweden,Northern Europe,2022-06-30,2,5.78,0.7754,54259.5646,3.1116,0.0
Sweden,Northern Europe,2022-07-31,3,6.12,0.8922,50396.409,4.2587,0.0
Sweden,Northern Europe,2022-08-31,3,5.52,0.9813,41868.8582,4.4566,0.0
Sweden,Northern Europe,2022-09-30,2,6.12,1.0186,44708.6796,2.7944,0.0
Sweden,Northern Europe,2022-10-31,3,4.1833,0.9476,27277.1439,3.8624,33.3333
Sweden,Northern Europe,2022-11-30,1,5.91,0.7969,54087.8395,2.8639,0.0
Sweden,Northern Europe,2022-12-31,2,3.655,0.939,21298.1481,4.4303,50.0
Sweden,Northern Europe,2023-01-31,10,5.437,1.0529,38800.7879,4.3504,0.0
Sweden,Northern Europe,2023-02-28,5,4.402,1.0222,29435.7745,4.0229,0.0
Sweden,Northern Europe,2023-03-31,1,5.75,0.8038,51632.2109,4.5834,0.0
Sweden,Northern Europe,2023-04-30,5,4.672,1.0392,29360.6317,3.5721,20.0
Sweden,Northern Europe,2023-05-31,3,3.6833,1.2752,16205.3926,4.1715,0.0
Sweden,Northern Europe,2023-06-30,3,5.6167,1.0138,43233.1853,3.4341,33.3333
Sweden,Northern Europe,2023-07-31,2,5.78,0.756,61021.4854,3.2463,0.0
Sweden,Northern Europe,2023-08-31,3,5.9633,0.8177,62026.0905,3.6094,0.0
Sweden,Northern Europe,2023-09-30,5,5.33,0.9202,41671.3219,3.5577,0.0
Sweden,Northern Europe,2023-11-30,6,6.0017,0.8735,52843.8654,3.5668,0.0
Sweden,Northern Europe,2023-12-31,4,4.985,0.9604,37486.8994,3.7905,0.0
Sweden,Northern Europe,2024-01-31,4,3.9075,1.0037,29329.575,3.6107,25.0
Sweden,Northern Europe,2024-02-29,4,6.04,1.0027,44436.2366,3.9174,0.0
Sweden,Northern Europe,2024-03-31,3,5.4733,0.9556,41360.9695,4.3309,0.0
Sweden,Northern Europe,2024-04-30,3,6.6433,0.6376,85442.0626,2.9309,0.0
Sweden,Northern Europe,2024-05-31,2,3.87,0.9359,26117.0264,5.0841,50.0
Sweden,Northern Europe,2024-06-30,6,4.9267,0.9982,33414.8742,4.1215,0.0
Sweden,Northern Europe,2024-07-31,2,5.295,1.0124,36915.874,3.9143,0.0
Sweden,Northern Europe,2024-08-31,2,5.76,0.9768,44058.9697,4.1169,0.0
Sweden,Northern Europe,2024-09-30,4,5.7075,0.9312,51405.557,3.6178,0.0
Sweden,Northern Europe,2024-10-31,5,5.056,1.0366,37445.4609,3.284,0.0
Sweden,Northern Europe,2024-11-30,3,5.1933,0.9636,42393.5162,3.8535,0.0
Sweden,Northern Europe,2024-12-31,2,5.365,0.945,39673.9547,4.1037,0.0
Sweden,Northern Europe,2025-01-31,3,6.2367,1.1663,40268.0631,4.134,0.0
Sweden,Northern Europe,2025-02-28,2,6.395,0.9714,49500.56,3.7204,0.0
Sweden,Northern Europe,2025-03-31,2,6.075,0.6927,68567.4676,3.3654,0.0
Sweden,Northern Europe,2025-04-30,2,6.05,0.8573,52656.8229,2.987,0.0
Sweden,Northern Europe,2025-05-31,1,6.58,1.0372,48011.9055,4.9489,0.0
Sweden,Northern Europe,2025-06-30,4,5.485,0.9331,43408.8215,4.0008,0.0
Sweden,Northern Europe,2025-07-31,4,4.825,1.0266,31154.4713,3.9402,0.0
Sweden,Northern Europe,2025-08-31,3,5.7333,0.8949,48549.4988,3.7448,0.0
Sweden,Northern Europe,2025-09-30,1,6.01,1.0393,42432.4688,4.3009,0.0
Sweden,Northern Europe,2025-10-31,3,6.6133,0.8566,64875.7074,3.0787,0.0
Sweden,Northern Europe,2025-11-30,10,5.47,1.0004,39535.653,4.0999,0.0
Sweden,Northern Europe,2025-12-31,1,5.985,1.0221,42900.0649,3.8289,0.0
